file,line,type,commit,author,date,time,timezone,datetime,depth,length
src/app.html,1,html,6e36f91,jshiah,2024-11-22,12:20:11,-08:00,2024-11-22T12:20:11-08:00,0,14
src/app.html,2,html,6e36f91,jshiah,2024-11-22,12:20:11,-08:00,2024-11-22T12:20:11-08:00,0,15
src/app.html,3,html,6e36f91,jshiah,2024-11-22,12:20:11,-08:00,2024-11-22T12:20:11-08:00,1,5
src/app.html,4,html,6e36f91,jshiah,2024-11-22,12:20:11,-08:00,2024-11-22T12:20:11-08:00,2,23
src/app.html,5,html,8e769987,jshiah,2024-11-22,14:42:46,-08:00,2024-11-22T14:42:46-08:00,2,56
src/app.html,6,html,6e36f91,jshiah,2024-11-22,12:20:11,-08:00,2024-11-22T12:20:11-08:00,2,69
src/app.html,7,html,6e36f91,jshiah,2024-11-22,12:20:11,-08:00,2024-11-22T12:20:11-08:00,2,15
src/app.html,8,html,6e36f91,jshiah,2024-11-22,12:20:11,-08:00,2024-11-22T12:20:11-08:00,1,6
src/app.html,9,html,6e36f91,jshiah,2024-11-22,12:20:11,-08:00,2024-11-22T12:20:11-08:00,1,41
src/app.html,10,html,6e36f91,jshiah,2024-11-22,12:20:11,-08:00,2024-11-22T12:20:11-08:00,2,52
src/app.html,11,html,6e36f91,jshiah,2024-11-22,12:20:11,-08:00,2024-11-22T12:20:11-08:00,1,6
src/app.html,12,html,8e769987,jshiah,2024-11-22,14:42:46,-08:00,2024-11-22T14:42:46-08:00,0,0
src/app.html,13,html,6e36f91,jshiah,2024-11-22,12:20:11,-08:00,2024-11-22T12:20:11-08:00,0,6
src/app.html,14,html,8e769987,jshiah,2024-11-22,14:42:46,-08:00,2024-11-22T14:42:46-08:00,0,0
src/app.html,15,html,8e769987,jshiah,2024-11-22,14:42:46,-08:00,2024-11-22T14:42:46-08:00,0,0
src/routes/+page.svelte,1,svelte,8e769987,jshiah,2024-11-22,14:42:46,-08:00,2024-11-22T14:42:46-08:00,0,45
src/routes/+page.svelte,2,svelte,8e769987,jshiah,2024-11-22,14:42:46,-08:00,2024-11-22T14:42:46-08:00,0,7
src/routes/+page.svelte,3,js,8e769987,jshiah,2024-11-22,14:42:46,-08:00,2024-11-22T14:42:46-08:00,0,32
src/routes/+page.svelte,4,js,8e769987,jshiah,2024-11-22,14:42:46,-08:00,2024-11-22T14:42:46-08:00,0,56
src/routes/+page.svelte,5,js,8e769987,jshiah,2024-11-22,14:42:46,-08:00,2024-11-22T14:42:46-08:00,0,113
src/routes/+page.svelte,6,js,8e769987,jshiah,2024-11-22,14:42:46,-08:00,2024-11-22T14:42:46-08:00,0,32
src/routes/+page.svelte,7,js,8e769987,jshiah,2024-11-22,14:42:46,-08:00,2024-11-22T14:42:46-08:00,0,24
src/routes/+page.svelte,8,js,8e769987,jshiah,2024-11-22,14:42:46,-08:00,2024-11-22T14:42:46-08:00,0,0
src/routes/+page.svelte,9,js,8e769987,jshiah,2024-11-22,14:42:46,-08:00,2024-11-22T14:42:46-08:00,0,17
src/routes/+page.svelte,10,js,68a18d67,jshiah,2024-11-22,15:41:26,-08:00,2024-11-22T15:41:26-08:00,0,14
src/routes/+page.svelte,11,js,8e769987,jshiah,2024-11-22,14:42:46,-08:00,2024-11-22T14:42:46-08:00,0,7
src/routes/+page.svelte,12,js,965f0ecc,jshiah,2024-11-22,14:46:48,-08:00,2024-11-22T14:46:48-08:00,0,22
src/routes/+page.svelte,13,js,96d1be20,jshiah,2024-11-22,15:58:38,-08:00,2024-11-22T15:58:38-08:00,0,0
src/routes/+page.svelte,14,js,6f71ae24,jshiah,2024-11-22,16:31:31,-08:00,2024-11-22T16:31:31-08:00,0,36
src/routes/+page.svelte,15,js,6f71ae24,jshiah,2024-11-22,16:31:31,-08:00,2024-11-22T16:31:31-08:00,0,70
src/routes/+page.svelte,16,js,6f71ae24,jshiah,2024-11-22,16:31:31,-08:00,2024-11-22T16:31:31-08:00,0,0
src/routes/+page.svelte,17,js,8e769987,jshiah,2024-11-22,14:42:46,-08:00,2024-11-22T14:42:46-08:00,0,28
src/routes/+page.svelte,18,js,8e769987,jshiah,2024-11-22,14:42:46,-08:00,2024-11-22T14:42:46-08:00,0,60
src/routes/+page.svelte,19,js,8e769987,jshiah,2024-11-22,14:42:46,-08:00,2024-11-22T14:42:46-08:00,0,33
src/routes/+page.svelte,20,js,8e769987,jshiah,2024-11-22,14:42:46,-08:00,2024-11-22T14:42:46-08:00,0,23
src/routes/+page.svelte,21,js,8e769987,jshiah,2024-11-22,14:42:46,-08:00,2024-11-22T14:42:46-08:00,0,0
src/routes/+page.svelte,22,js,68a18d67,jshiah,2024-11-22,15:41:26,-08:00,2024-11-22T15:41:26-08:00,0,0
src/routes/+page.svelte,23,js,68a18d67,jshiah,2024-11-22,15:41:26,-08:00,2024-11-22T15:41:26-08:00,0,27
src/routes/+page.svelte,24,js,68a18d67,jshiah,2024-11-22,15:41:26,-08:00,2024-11-22T15:41:26-08:00,0,18
src/routes/+page.svelte,25,js,68a18d67,jshiah,2024-11-22,15:41:26,-08:00,2024-11-22T15:41:26-08:00,0,11
src/routes/+page.svelte,26,js,68a18d67,jshiah,2024-11-22,15:41:26,-08:00,2024-11-22T15:41:26-08:00,0,57
src/routes/+page.svelte,27,js,68a18d67,jshiah,2024-11-22,15:41:26,-08:00,2024-11-22T15:41:26-08:00,0,15
src/routes/+page.svelte,28,js,8e769987,jshiah,2024-11-22,14:42:46,-08:00,2024-11-22T14:42:46-08:00,0,0
src/routes/+page.svelte,29,js,8e769987,jshiah,2024-11-22,14:42:46,-08:00,2024-11-22T14:42:46-08:00,0,0
src/routes/+page.svelte,30,js,68a18d67,jshiah,2024-11-22,15:41:26,-08:00,2024-11-22T15:41:26-08:00,0,36
src/routes/+page.svelte,31,js,68a18d67,jshiah,2024-11-22,15:41:26,-08:00,2024-11-22T15:41:26-08:00,0,44
src/routes/+page.svelte,32,js,68a18d67,jshiah,2024-11-22,15:41:26,-08:00,2024-11-22T15:41:26-08:00,0,30
src/routes/+page.svelte,33,js,68a18d67,jshiah,2024-11-22,15:41:26,-08:00,2024-11-22T15:41:26-08:00,0,0
src/routes/+page.svelte,34,js,68a18d67,jshiah,2024-11-22,15:41:26,-08:00,2024-11-22T15:41:26-08:00,0,45
src/routes/+page.svelte,35,js,68a18d67,jshiah,2024-11-22,15:41:26,-08:00,2024-11-22T15:41:26-08:00,0,35
src/routes/+page.svelte,36,js,68a18d67,jshiah,2024-11-22,15:41:26,-08:00,2024-11-22T15:41:26-08:00,0,11
src/routes/+page.svelte,37,js,68a18d67,jshiah,2024-11-22,15:41:26,-08:00,2024-11-22T15:41:26-08:00,0,94
src/routes/+page.svelte,38,js,68a18d67,jshiah,2024-11-22,15:41:26,-08:00,2024-11-22T15:41:26-08:00,0,15
src/routes/+page.svelte,39,js,68a18d67,jshiah,2024-11-22,15:41:26,-08:00,2024-11-22T15:41:26-08:00,0,17
src/routes/+page.svelte,40,js,68a18d67,jshiah,2024-11-22,15:41:26,-08:00,2024-11-22T15:41:26-08:00,0,11
src/routes/+page.svelte,41,js,68a18d67,jshiah,2024-11-22,15:41:26,-08:00,2024-11-22T15:41:26-08:00,0,2
src/routes/+page.svelte,42,js,68a18d67,jshiah,2024-11-22,15:41:26,-08:00,2024-11-22T15:41:26-08:00,0,0
src/routes/+page.svelte,43,js,96d1be20,jshiah,2024-11-22,15:58:38,-08:00,2024-11-22T15:58:38-08:00,0,36
src/routes/+page.svelte,44,js,96d1be20,jshiah,2024-11-22,15:58:38,-08:00,2024-11-22T15:58:38-08:00,0,47
src/routes/+page.svelte,45,js,96d1be20,jshiah,2024-11-22,15:58:38,-08:00,2024-11-22T15:58:38-08:00,0,0
src/routes/+page.svelte,46,js,68a18d67,jshiah,2024-11-22,15:41:26,-08:00,2024-11-22T15:41:26-08:00,0,0
src/routes/+page.svelte,47,js,96d1be20,jshiah,2024-11-22,15:58:38,-08:00,2024-11-22T15:58:38-08:00,0,35
src/routes/+page.svelte,48,js,96d1be20,jshiah,2024-11-22,15:58:38,-08:00,2024-11-22T15:58:38-08:00,0,6
src/routes/+page.svelte,49,js,96d1be20,jshiah,2024-11-22,15:58:38,-08:00,2024-11-22T15:58:38-08:00,0,25
src/routes/+page.svelte,50,js,96d1be20,jshiah,2024-11-22,15:58:38,-08:00,2024-11-22T15:58:38-08:00,0,58
src/routes/+page.svelte,51,js,96d1be20,jshiah,2024-11-22,15:58:38,-08:00,2024-11-22T15:58:38-08:00,0,54
src/routes/+page.svelte,52,js,96d1be20,jshiah,2024-11-22,15:58:38,-08:00,2024-11-22T15:58:38-08:00,0,7
src/routes/+page.svelte,53,js,96d1be20,jshiah,2024-11-22,15:58:38,-08:00,2024-11-22T15:58:38-08:00,0,45
src/routes/+page.svelte,54,js,96d1be20,jshiah,2024-11-22,15:58:38,-08:00,2024-11-22T15:58:38-08:00,0,40
src/routes/+page.svelte,55,js,96d1be20,jshiah,2024-11-22,15:58:38,-08:00,2024-11-22T15:58:38-08:00,0,1
src/routes/+page.svelte,56,js,68a18d67,jshiah,2024-11-22,15:41:26,-08:00,2024-11-22T15:41:26-08:00,0,2
src/routes/+page.svelte,57,js,96d1be20,jshiah,2024-11-22,15:58:38,-08:00,2024-11-22T15:58:38-08:00,0,0
src/routes/+page.svelte,58,js,96d1be20,jshiah,2024-11-22,15:58:38,-08:00,2024-11-22T15:58:38-08:00,0,31
src/routes/+page.svelte,59,js,96d1be20,jshiah,2024-11-22,15:58:38,-08:00,2024-11-22T15:58:38-08:00,0,13
src/routes/+page.svelte,60,js,96d1be20,jshiah,2024-11-22,15:58:38,-08:00,2024-11-22T15:58:38-08:00,0,15
src/routes/+page.svelte,61,js,96d1be20,jshiah,2024-11-22,15:58:38,-08:00,2024-11-22T15:58:38-08:00,0,22
src/routes/+page.svelte,62,js,96d1be20,jshiah,2024-11-22,15:58:38,-08:00,2024-11-22T15:58:38-08:00,0,1
src/routes/+page.svelte,63,js,96d1be20,jshiah,2024-11-22,15:58:38,-08:00,2024-11-22T15:58:38-08:00,0,0
src/routes/+page.svelte,64,js,96d1be20,jshiah,2024-11-22,15:58:38,-08:00,2024-11-22T15:58:38-08:00,0,33
src/routes/+page.svelte,65,js,96d1be20,jshiah,2024-11-22,15:58:38,-08:00,2024-11-22T15:58:38-08:00,0,13
src/routes/+page.svelte,66,js,96d1be20,jshiah,2024-11-22,15:58:38,-08:00,2024-11-22T15:58:38-08:00,0,15
src/routes/+page.svelte,67,js,96d1be20,jshiah,2024-11-22,15:58:38,-08:00,2024-11-22T15:58:38-08:00,0,24
src/routes/+page.svelte,68,js,96d1be20,jshiah,2024-11-22,15:58:38,-08:00,2024-11-22T15:58:38-08:00,0,1
src/routes/+page.svelte,69,js,96d1be20,jshiah,2024-11-22,15:58:38,-08:00,2024-11-22T15:58:38-08:00,0,48
src/routes/+page.svelte,70,js,96d1be20,jshiah,2024-11-22,15:58:38,-08:00,2024-11-22T15:58:38-08:00,0,23
src/routes/+page.svelte,71,js,96d1be20,jshiah,2024-11-22,15:58:38,-08:00,2024-11-22T15:58:38-08:00,0,52
src/routes/+page.svelte,72,js,96d1be20,jshiah,2024-11-22,15:58:38,-08:00,2024-11-22T15:58:38-08:00,0,48
src/routes/+page.svelte,73,js,96d1be20,jshiah,2024-11-22,15:58:38,-08:00,2024-11-22T15:58:38-08:00,0,52
src/routes/+page.svelte,74,js,96d1be20,jshiah,2024-11-22,15:58:38,-08:00,2024-11-22T15:58:38-08:00,0,60
src/routes/+page.svelte,75,js,96d1be20,jshiah,2024-11-22,15:58:38,-08:00,2024-11-22T15:58:38-08:00,0,14
src/routes/+page.svelte,76,js,96d1be20,jshiah,2024-11-22,15:58:38,-08:00,2024-11-22T15:58:38-08:00,0,2
src/routes/+page.svelte,77,js,96d1be20,jshiah,2024-11-22,15:58:38,-08:00,2024-11-22T15:58:38-08:00,0,0
src/routes/+page.svelte,78,js,3a900bf5,jshiah,2024-11-22,16:45:23,-08:00,2024-11-22T16:45:23-08:00,0,21
src/routes/+page.svelte,79,js,3a900bf5,jshiah,2024-11-22,16:45:23,-08:00,2024-11-22T16:45:23-08:00,0,18
src/routes/+page.svelte,80,js,3a900bf5,jshiah,2024-11-22,16:45:23,-08:00,2024-11-22T16:45:23-08:00,0,72
src/routes/+page.svelte,81,js,3a900bf5,jshiah,2024-11-22,16:45:23,-08:00,2024-11-22T16:45:23-08:00,0,52
src/routes/+page.svelte,82,js,96d1be20,jshiah,2024-11-22,15:58:38,-08:00,2024-11-22T15:58:38-08:00,0,0
src/routes/+page.svelte,83,js,96d1be20,jshiah,2024-11-22,15:58:38,-08:00,2024-11-22T15:58:38-08:00,0,0
src/routes/+page.svelte,84,js,96d1be20,jshiah,2024-11-22,15:58:38,-08:00,2024-11-22T15:58:38-08:00,0,0
src/routes/+page.svelte,85,js,96d1be20,jshiah,2024-11-22,15:58:38,-08:00,2024-11-22T15:58:38-08:00,0,0
src/routes/+page.svelte,86,js,96d1be20,jshiah,2024-11-22,15:58:38,-08:00,2024-11-22T15:58:38-08:00,0,0
src/routes/+page.svelte,87,js,96d1be20,jshiah,2024-11-22,15:58:38,-08:00,2024-11-22T15:58:38-08:00,0,0
src/routes/+page.svelte,88,js,96d1be20,jshiah,2024-11-22,15:58:38,-08:00,2024-11-22T15:58:38-08:00,0,20
src/routes/+page.svelte,89,js,96d1be20,jshiah,2024-11-22,15:58:38,-08:00,2024-11-22T15:58:38-08:00,0,91
src/routes/+page.svelte,90,js,96d1be20,jshiah,2024-11-22,15:58:38,-08:00,2024-11-22T15:58:38-08:00,0,34
src/routes/+page.svelte,91,js,96d1be20,jshiah,2024-11-22,15:58:38,-08:00,2024-11-22T15:58:38-08:00,0,0
src/routes/+page.svelte,92,js,96d1be20,jshiah,2024-11-22,15:58:38,-08:00,2024-11-22T15:58:38-08:00,0,110
src/routes/+page.svelte,93,js,96d1be20,jshiah,2024-11-22,15:58:38,-08:00,2024-11-22T15:58:38-08:00,0,24
src/routes/+page.svelte,94,js,96d1be20,jshiah,2024-11-22,15:58:38,-08:00,2024-11-22T15:58:38-08:00,0,43
src/routes/+page.svelte,95,js,96d1be20,jshiah,2024-11-22,15:58:38,-08:00,2024-11-22T15:58:38-08:00,0,39
src/routes/+page.svelte,96,js,96d1be20,jshiah,2024-11-22,15:58:38,-08:00,2024-11-22T15:58:38-08:00,0,0
src/routes/+page.svelte,97,js,96d1be20,jshiah,2024-11-22,15:58:38,-08:00,2024-11-22T15:58:38-08:00,0,12
src/routes/+page.svelte,98,js,96d1be20,jshiah,2024-11-22,15:58:38,-08:00,2024-11-22T15:58:38-08:00,0,2
src/routes/+page.svelte,99,js,96d1be20,jshiah,2024-11-22,15:58:38,-08:00,2024-11-22T15:58:38-08:00,0,38
src/routes/+page.svelte,100,js,96d1be20,jshiah,2024-11-22,15:58:38,-08:00,2024-11-22T15:58:38-08:00,0,0
src/routes/+page.svelte,101,js,96d1be20,jshiah,2024-11-22,15:58:38,-08:00,2024-11-22T15:58:38-08:00,0,35
src/routes/+page.svelte,102,js,96d1be20,jshiah,2024-11-22,15:58:38,-08:00,2024-11-22T15:58:38-08:00,0,28
src/routes/+page.svelte,103,js,96d1be20,jshiah,2024-11-22,15:58:38,-08:00,2024-11-22T15:58:38-08:00,0,5
src/routes/+page.svelte,104,js,96d1be20,jshiah,2024-11-22,15:58:38,-08:00,2024-11-22T15:58:38-08:00,0,15
src/routes/+page.svelte,105,js,96d1be20,jshiah,2024-11-22,15:58:38,-08:00,2024-11-22T15:58:38-08:00,0,24
src/routes/+page.svelte,106,js,96d1be20,jshiah,2024-11-22,15:58:38,-08:00,2024-11-22T15:58:38-08:00,0,1
src/routes/+page.svelte,107,js,96d1be20,jshiah,2024-11-22,15:58:38,-08:00,2024-11-22T15:58:38-08:00,0,26
src/routes/+page.svelte,108,js,96d1be20,jshiah,2024-11-22,15:58:38,-08:00,2024-11-22T15:58:38-08:00,0,5
src/routes/+page.svelte,109,js,96d1be20,jshiah,2024-11-22,15:58:38,-08:00,2024-11-22T15:58:38-08:00,0,15
src/routes/+page.svelte,110,js,96d1be20,jshiah,2024-11-22,15:58:38,-08:00,2024-11-22T15:58:38-08:00,0,22
src/routes/+page.svelte,111,js,96d1be20,jshiah,2024-11-22,15:58:38,-08:00,2024-11-22T15:58:38-08:00,0,1
src/routes/+page.svelte,112,js,96d1be20,jshiah,2024-11-22,15:58:38,-08:00,2024-11-22T15:58:38-08:00,0,0
src/routes/+page.svelte,113,js,96d1be20,jshiah,2024-11-22,15:58:38,-08:00,2024-11-22T15:58:38-08:00,0,36
src/routes/+page.svelte,114,js,96d1be20,jshiah,2024-11-22,15:58:38,-08:00,2024-11-22T15:58:38-08:00,0,37
src/routes/+page.svelte,115,js,96d1be20,jshiah,2024-11-22,15:58:38,-08:00,2024-11-22T15:58:38-08:00,0,23
src/routes/+page.svelte,116,js,96d1be20,jshiah,2024-11-22,15:58:38,-08:00,2024-11-22T15:58:38-08:00,0,40
src/routes/+page.svelte,117,js,96d1be20,jshiah,2024-11-22,15:58:38,-08:00,2024-11-22T15:58:38-08:00,0,44
src/routes/+page.svelte,118,js,96d1be20,jshiah,2024-11-22,15:58:38,-08:00,2024-11-22T15:58:38-08:00,0,60
src/routes/+page.svelte,119,js,96d1be20,jshiah,2024-11-22,15:58:38,-08:00,2024-11-22T15:58:38-08:00,0,14
src/routes/+page.svelte,120,js,96d1be20,jshiah,2024-11-22,15:58:38,-08:00,2024-11-22T15:58:38-08:00,0,2
src/routes/+page.svelte,121,js,96d1be20,jshiah,2024-11-22,15:58:38,-08:00,2024-11-22T15:58:38-08:00,0,0
src/routes/+page.svelte,122,js,96d1be20,jshiah,2024-11-22,15:58:38,-08:00,2024-11-22T15:58:38-08:00,0,44
src/routes/+page.svelte,123,js,68a18d67,jshiah,2024-11-22,15:41:26,-08:00,2024-11-22T15:41:26-08:00,0,0
src/routes/+page.svelte,124,js,68a18d67,jshiah,2024-11-22,15:41:26,-08:00,2024-11-22T15:41:26-08:00,0,0
src/routes/+page.svelte,125,js,8e769987,jshiah,2024-11-22,14:42:46,-08:00,2024-11-22T14:42:46-08:00,0,0
src/routes/+page.svelte,126,js,8e769987,jshiah,2024-11-22,14:42:46,-08:00,2024-11-22T14:42:46-08:00,0,23
src/routes/+page.svelte,127,js,8e769987,jshiah,2024-11-22,14:42:46,-08:00,2024-11-22T14:42:46-08:00,0,12
src/routes/+page.svelte,128,js,8e769987,jshiah,2024-11-22,14:42:46,-08:00,2024-11-22T14:42:46-08:00,0,56
src/routes/+page.svelte,129,js,8e769987,jshiah,2024-11-22,14:42:46,-08:00,2024-11-22T14:42:46-08:00,0,114
src/routes/+page.svelte,130,js,8e769987,jshiah,2024-11-22,14:42:46,-08:00,2024-11-22T14:42:46-08:00,0,80
src/routes/+page.svelte,131,js,8e769987,jshiah,2024-11-22,14:42:46,-08:00,2024-11-22T14:42:46-08:00,0,29
src/routes/+page.svelte,132,js,8e769987,jshiah,2024-11-22,14:42:46,-08:00,2024-11-22T14:42:46-08:00,0,2
src/routes/+page.svelte,133,js,8e769987,jshiah,2024-11-22,14:42:46,-08:00,2024-11-22T14:42:46-08:00,0,0
src/routes/+page.svelte,134,js,8e769987,jshiah,2024-11-22,14:42:46,-08:00,2024-11-22T14:42:46-08:00,0,55
src/routes/+page.svelte,135,js,8e769987,jshiah,2024-11-22,14:42:46,-08:00,2024-11-22T14:42:46-08:00,0,30
src/routes/+page.svelte,136,js,8e769987,jshiah,2024-11-22,14:42:46,-08:00,2024-11-22T14:42:46-08:00,0,15
src/routes/+page.svelte,137,js,8e769987,jshiah,2024-11-22,14:42:46,-08:00,2024-11-22T14:42:46-08:00,0,167
src/routes/+page.svelte,138,js,8e769987,jshiah,2024-11-22,14:42:46,-08:00,2024-11-22T14:42:46-08:00,0,2
src/routes/+page.svelte,139,js,8e769987,jshiah,2024-11-22,14:42:46,-08:00,2024-11-22T14:42:46-08:00,0,0
src/routes/+page.svelte,140,js,8e769987,jshiah,2024-11-22,14:42:46,-08:00,2024-11-22T14:42:46-08:00,0,13
src/routes/+page.svelte,141,js,8e769987,jshiah,2024-11-22,14:42:46,-08:00,2024-11-22T14:42:46-08:00,0,61
src/routes/+page.svelte,142,js,8e769987,jshiah,2024-11-22,14:42:46,-08:00,2024-11-22T14:42:46-08:00,0,73
src/routes/+page.svelte,143,js,8e769987,jshiah,2024-11-22,14:42:46,-08:00,2024-11-22T14:42:46-08:00,0,62
src/routes/+page.svelte,144,js,8e769987,jshiah,2024-11-22,14:42:46,-08:00,2024-11-22T14:42:46-08:00,0,7
src/routes/+page.svelte,145,js,8e769987,jshiah,2024-11-22,14:42:46,-08:00,2024-11-22T14:42:46-08:00,0,44
src/routes/+page.svelte,146,js,8e769987,jshiah,2024-11-22,14:42:46,-08:00,2024-11-22T14:42:46-08:00,0,57
src/routes/+page.svelte,147,js,8e769987,jshiah,2024-11-22,14:42:46,-08:00,2024-11-22T14:42:46-08:00,0,41
src/routes/+page.svelte,148,js,8e769987,jshiah,2024-11-22,14:42:46,-08:00,2024-11-22T14:42:46-08:00,0,18
src/routes/+page.svelte,149,js,8e769987,jshiah,2024-11-22,14:42:46,-08:00,2024-11-22T14:42:46-08:00,0,0
src/routes/+page.svelte,150,js,8e769987,jshiah,2024-11-22,14:42:46,-08:00,2024-11-22T14:42:46-08:00,0,2
src/routes/+page.svelte,151,js,8e769987,jshiah,2024-11-22,14:42:46,-08:00,2024-11-22T14:42:46-08:00,0,0
src/routes/+page.svelte,152,js,8e769987,jshiah,2024-11-22,14:42:46,-08:00,2024-11-22T14:42:46-08:00,0,52
src/routes/+page.svelte,153,js,8e769987,jshiah,2024-11-22,14:42:46,-08:00,2024-11-22T14:42:46-08:00,0,33
src/routes/+page.svelte,154,js,8e769987,jshiah,2024-11-22,14:42:46,-08:00,2024-11-22T14:42:46-08:00,0,15
src/routes/+page.svelte,155,js,8e769987,jshiah,2024-11-22,14:42:46,-08:00,2024-11-22T14:42:46-08:00,0,137
src/routes/+page.svelte,156,js,8e769987,jshiah,2024-11-22,14:42:46,-08:00,2024-11-22T14:42:46-08:00,0,2
src/routes/+page.svelte,157,js,8e769987,jshiah,2024-11-22,14:42:46,-08:00,2024-11-22T14:42:46-08:00,0,0
src/routes/+page.svelte,158,js,8e769987,jshiah,2024-11-22,14:42:46,-08:00,2024-11-22T14:42:46-08:00,0,13
src/routes/+page.svelte,159,js,8e769987,jshiah,2024-11-22,14:42:46,-08:00,2024-11-22T14:42:46-08:00,0,28
src/routes/+page.svelte,160,js,8e769987,jshiah,2024-11-22,14:42:46,-08:00,2024-11-22T14:42:46-08:00,0,12
src/routes/+page.svelte,161,js,8e769987,jshiah,2024-11-22,14:42:46,-08:00,2024-11-22T14:42:46-08:00,0,25
src/routes/+page.svelte,162,js,8e769987,jshiah,2024-11-22,14:42:46,-08:00,2024-11-22T14:42:46-08:00,0,7
src/routes/+page.svelte,163,js,8e769987,jshiah,2024-11-22,14:42:46,-08:00,2024-11-22T14:42:46-08:00,0,23
src/routes/+page.svelte,164,js,8e769987,jshiah,2024-11-22,14:42:46,-08:00,2024-11-22T14:42:46-08:00,0,15
src/routes/+page.svelte,165,js,8e769987,jshiah,2024-11-22,14:42:46,-08:00,2024-11-22T14:42:46-08:00,0,18
src/routes/+page.svelte,166,js,8e769987,jshiah,2024-11-22,14:42:46,-08:00,2024-11-22T14:42:46-08:00,0,0
src/routes/+page.svelte,167,js,8e769987,jshiah,2024-11-22,14:42:46,-08:00,2024-11-22T14:42:46-08:00,0,2
src/routes/+page.svelte,168,js,8e769987,jshiah,2024-11-22,14:42:46,-08:00,2024-11-22T14:42:46-08:00,0,0
src/routes/+page.svelte,169,js,8e769987,jshiah,2024-11-22,14:42:46,-08:00,2024-11-22T14:42:46-08:00,0,55
src/routes/+page.svelte,170,js,8e769987,jshiah,2024-11-22,14:42:46,-08:00,2024-11-22T14:42:46-08:00,0,19
src/routes/+page.svelte,171,js,8e769987,jshiah,2024-11-22,14:42:46,-08:00,2024-11-22T14:42:46-08:00,0,2
src/routes/+page.svelte,172,js,8e769987,jshiah,2024-11-22,14:42:46,-08:00,2024-11-22T14:42:46-08:00,0,0
src/routes/+page.svelte,173,js,965f0ecc,jshiah,2024-11-22,14:46:48,-08:00,2024-11-22T14:46:48-08:00,0,49
src/routes/+page.svelte,174,js,965f0ecc,jshiah,2024-11-22,14:46:48,-08:00,2024-11-22T14:46:48-08:00,0,42
src/routes/+page.svelte,175,js,965f0ecc,jshiah,2024-11-22,14:46:48,-08:00,2024-11-22T14:46:48-08:00,0,0
src/routes/+page.svelte,176,js,96d1be20,jshiah,2024-11-22,15:58:38,-08:00,2024-11-22T15:58:38-08:00,0,59
src/routes/+page.svelte,177,js,96d1be20,jshiah,2024-11-22,15:58:38,-08:00,2024-11-22T15:58:38-08:00,0,65
src/routes/+page.svelte,178,js,96d1be20,jshiah,2024-11-22,15:58:38,-08:00,2024-11-22T15:58:38-08:00,0,57
src/routes/+page.svelte,179,js,96d1be20,jshiah,2024-11-22,15:58:38,-08:00,2024-11-22T15:58:38-08:00,0,0
src/routes/+page.svelte,180,js,8e769987,jshiah,2024-11-22,14:42:46,-08:00,2024-11-22T14:42:46-08:00,0,2
src/routes/+page.svelte,181,svelte,8e769987,jshiah,2024-11-22,14:42:46,-08:00,2024-11-22T14:42:46-08:00,0,8
src/routes/+page.svelte,182,svelte,8e769987,jshiah,2024-11-22,14:42:46,-08:00,2024-11-22T14:42:46-08:00,0,0
src/routes/+page.svelte,183,svelte,7aaa4a1a,jshiah,2024-11-22,12:24:29,-08:00,2024-11-22T12:24:29-08:00,0,62
src/routes/+page.svelte,184,svelte,7aaa4a1a,jshiah,2024-11-22,12:24:29,-08:00,2024-11-22T12:24:29-08:00,0,83
src/routes/+page.svelte,185,svelte,68a18d67,jshiah,2024-11-22,15:41:26,-08:00,2024-11-22T15:41:26-08:00,0,6
src/routes/+page.svelte,186,svelte,68a18d67,jshiah,2024-11-22,15:41:26,-08:00,2024-11-22T15:41:26-08:00,0,14
src/routes/+page.svelte,187,svelte,68a18d67,jshiah,2024-11-22,15:41:26,-08:00,2024-11-22T15:41:26-08:00,0,5
src/routes/+page.svelte,188,svelte,68a18d67,jshiah,2024-11-22,15:41:26,-08:00,2024-11-22T15:41:26-08:00,0,11
src/routes/+page.svelte,189,svelte,68a18d67,jshiah,2024-11-22,15:41:26,-08:00,2024-11-22T15:41:26-08:00,0,15
src/routes/+page.svelte,190,svelte,68a18d67,jshiah,2024-11-22,15:41:26,-08:00,2024-11-22T15:41:26-08:00,0,7
src/routes/+page.svelte,191,svelte,68a18d67,jshiah,2024-11-22,15:41:26,-08:00,2024-11-22T15:41:26-08:00,0,9
src/routes/+page.svelte,192,svelte,68a18d67,jshiah,2024-11-22,15:41:26,-08:00,2024-11-22T15:41:26-08:00,0,22
src/routes/+page.svelte,193,svelte,68a18d67,jshiah,2024-11-22,15:41:26,-08:00,2024-11-22T15:41:26-08:00,0,1
src/routes/+page.svelte,194,svelte,68a18d67,jshiah,2024-11-22,15:41:26,-08:00,2024-11-22T15:41:26-08:00,0,27
src/routes/+page.svelte,195,svelte,68a18d67,jshiah,2024-11-22,15:41:26,-08:00,2024-11-22T15:41:26-08:00,0,47
src/routes/+page.svelte,196,svelte,68a18d67,jshiah,2024-11-22,15:41:26,-08:00,2024-11-22T15:41:26-08:00,0,7
src/routes/+page.svelte,197,svelte,68a18d67,jshiah,2024-11-22,15:41:26,-08:00,2024-11-22T15:41:26-08:00,0,0
src/routes/+page.svelte,198,svelte,7aaa4a1a,jshiah,2024-11-22,12:24:29,-08:00,2024-11-22T12:24:29-08:00,0,0
src/routes/+page.svelte,199,svelte,96d1be20,jshiah,2024-11-22,15:58:38,-08:00,2024-11-22T15:58:38-08:00,0,13
src/routes/+page.svelte,200,svelte,68a18d67,jshiah,2024-11-22,15:41:26,-08:00,2024-11-22T15:41:26-08:00,0,31
src/routes/+page.svelte,201,svelte,96d1be20,jshiah,2024-11-22,15:58:38,-08:00,2024-11-22T15:58:38-08:00,0,20
src/routes/+page.svelte,202,svelte,96d1be20,jshiah,2024-11-22,15:58:38,-08:00,2024-11-22T15:58:38-08:00,0,8
src/routes/+page.svelte,203,svelte,96d1be20,jshiah,2024-11-22,15:58:38,-08:00,2024-11-22T15:58:38-08:00,0,34
src/routes/+page.svelte,204,svelte,96d1be20,jshiah,2024-11-22,15:58:38,-08:00,2024-11-22T15:58:38-08:00,0,6
src/routes/+page.svelte,205,svelte,96d1be20,jshiah,2024-11-22,15:58:38,-08:00,2024-11-22T15:58:38-08:00,0,22
src/routes/+page.svelte,206,svelte,96d1be20,jshiah,2024-11-22,15:58:38,-08:00,2024-11-22T15:58:38-08:00,0,41
src/routes/+page.svelte,207,svelte,6f71ae24,jshiah,2024-11-22,16:31:31,-08:00,2024-11-22T16:31:31-08:00,0,87
src/routes/+page.svelte,208,svelte,96d1be20,jshiah,2024-11-22,15:58:38,-08:00,2024-11-22T15:58:38-08:00,0,17
src/routes/+page.svelte,209,svelte,96d1be20,jshiah,2024-11-22,15:58:38,-08:00,2024-11-22T15:58:38-08:00,0,13
src/routes/+page.svelte,210,svelte,96d1be20,jshiah,2024-11-22,15:58:38,-08:00,2024-11-22T15:58:38-08:00,0,17
src/routes/+page.svelte,211,svelte,96d1be20,jshiah,2024-11-22,15:58:38,-08:00,2024-11-22T15:58:38-08:00,0,1
src/routes/+page.svelte,212,svelte,96d1be20,jshiah,2024-11-22,15:58:38,-08:00,2024-11-22T15:58:38-08:00,0,6
src/routes/+page.svelte,213,svelte,96d1be20,jshiah,2024-11-22,15:58:38,-08:00,2024-11-22T15:58:38-08:00,0,4
src/routes/+page.svelte,214,svelte,96d1be20,jshiah,2024-11-22,15:58:38,-08:00,2024-11-22T15:58:38-08:00,0,5
src/routes/+page.svelte,215,svelte,8e769987,jshiah,2024-11-22,14:42:46,-08:00,2024-11-22T14:42:46-08:00,0,5
src/routes/+page.svelte,216,svelte,96d1be20,jshiah,2024-11-22,15:58:38,-08:00,2024-11-22T15:58:38-08:00,0,5
src/routes/+page.svelte,217,svelte,6f71ae24,jshiah,2024-11-22,16:31:31,-08:00,2024-11-22T16:31:31-08:00,0,0
src/routes/+page.svelte,218,svelte,6f71ae24,jshiah,2024-11-22,16:31:31,-08:00,2024-11-22T16:31:31-08:00,0,19
src/routes/+page.svelte,219,svelte,6f71ae24,jshiah,2024-11-22,16:31:31,-08:00,2024-11-22T16:31:31-08:00,0,54
src/routes/+page.svelte,220,svelte,6f71ae24,jshiah,2024-11-22,16:31:31,-08:00,2024-11-22T16:31:31-08:00,0,49
src/routes/+page.svelte,221,svelte,6f71ae24,jshiah,2024-11-22,16:31:31,-08:00,2024-11-22T16:31:31-08:00,0,52
src/routes/+page.svelte,222,svelte,6f71ae24,jshiah,2024-11-22,16:31:31,-08:00,2024-11-22T16:31:31-08:00,0,5
src/routes/+page.svelte,223,svelte,6f71ae24,jshiah,2024-11-22,16:31:31,-08:00,2024-11-22T16:31:31-08:00,0,0
src/routes/+page.svelte,224,svelte,6f71ae24,jshiah,2024-11-22,16:31:31,-08:00,2024-11-22T16:31:31-08:00,0,0
src/routes/+page.svelte,225,svelte,96d1be20,jshiah,2024-11-22,15:58:38,-08:00,2024-11-22T15:58:38-08:00,0,0
src/routes/+page.svelte,226,svelte,8e769987,jshiah,2024-11-22,14:42:46,-08:00,2024-11-22T14:42:46-08:00,0,0
src/lib/index.js,1,js,6e36f91,jshiah,2024-11-22,12:20:11,-08:00,2024-11-22T12:20:11-08:00,0,73
src/lib/global.css,1,css,8e769987,jshiah,2024-11-22,14:42:46,-08:00,2024-11-22T14:42:46-08:00,0,5
src/lib/global.css,2,css,8e769987,jshiah,2024-11-22,14:42:46,-08:00,2024-11-22T14:42:46-08:00,0,36
src/lib/global.css,3,css,8e769987,jshiah,2024-11-22,14:42:46,-08:00,2024-11-22T14:42:46-08:00,0,13
src/lib/global.css,4,css,8e769987,jshiah,2024-11-22,14:42:46,-08:00,2024-11-22T14:42:46-08:00,0,17
src/lib/global.css,5,css,8e769987,jshiah,2024-11-22,14:42:46,-08:00,2024-11-22T14:42:46-08:00,0,15
src/lib/global.css,6,css,8e769987,jshiah,2024-11-22,14:42:46,-08:00,2024-11-22T14:42:46-08:00,0,17
src/lib/global.css,7,css,8e769987,jshiah,2024-11-22,14:42:46,-08:00,2024-11-22T14:42:46-08:00,0,22
src/lib/global.css,8,css,8e769987,jshiah,2024-11-22,14:42:46,-08:00,2024-11-22T14:42:46-08:00,0,12
src/lib/global.css,9,css,8e769987,jshiah,2024-11-22,14:42:46,-08:00,2024-11-22T14:42:46-08:00,0,12
src/lib/global.css,10,css,8e769987,jshiah,2024-11-22,14:42:46,-08:00,2024-11-22T14:42:46-08:00,0,0
src/lib/global.css,11,css,8e769987,jshiah,2024-11-22,14:42:46,-08:00,2024-11-22T14:42:46-08:00,0,0
src/lib/global.css,12,css,8e769987,jshiah,2024-11-22,14:42:46,-08:00,2024-11-22T14:42:46-08:00,0,5
src/lib/global.css,13,css,8e769987,jshiah,2024-11-22,14:42:46,-08:00,2024-11-22T14:42:46-08:00,0,7
src/lib/global.css,14,css,8e769987,jshiah,2024-11-22,14:42:46,-08:00,2024-11-22T14:42:46-08:00,0,31
src/lib/global.css,15,css,8e769987,jshiah,2024-11-22,14:42:46,-08:00,2024-11-22T14:42:46-08:00,0,11
src/lib/global.css,16,css,8e769987,jshiah,2024-11-22,14:42:46,-08:00,2024-11-22T14:42:46-08:00,0,13
src/lib/global.css,17,css,8e769987,jshiah,2024-11-22,14:42:46,-08:00,2024-11-22T14:42:46-08:00,0,0
src/lib/global.css,18,css,8e769987,jshiah,2024-11-22,14:42:46,-08:00,2024-11-22T14:42:46-08:00,0,0
src/lib/global.css,19,css,8e769987,jshiah,2024-11-22,14:42:46,-08:00,2024-11-22T14:42:46-08:00,0,9
src/lib/global.css,20,css,8e769987,jshiah,2024-11-22,14:42:46,-08:00,2024-11-22T14:42:46-08:00,0,18
src/lib/global.css,21,css,8e769987,jshiah,2024-11-22,14:42:46,-08:00,2024-11-22T14:42:46-08:00,0,10
src/lib/global.css,22,css,8e769987,jshiah,2024-11-22,14:42:46,-08:00,2024-11-22T14:42:46-08:00,0,11
src/lib/global.css,23,css,8e769987,jshiah,2024-11-22,14:42:46,-08:00,2024-11-22T14:42:46-08:00,0,12
src/lib/global.css,24,css,8e769987,jshiah,2024-11-22,14:42:46,-08:00,2024-11-22T14:42:46-08:00,0,20
src/lib/global.css,25,css,68a18d67,jshiah,2024-11-22,15:41:26,-08:00,2024-11-22T15:41:26-08:00,0,0
src/lib/global.css,26,css,68a18d67,jshiah,2024-11-22,15:41:26,-08:00,2024-11-22T15:41:26-08:00,0,0
src/lib/global.css,27,css,68a18d67,jshiah,2024-11-22,15:41:26,-08:00,2024-11-22T15:41:26-08:00,0,0
src/lib/global.css,28,css,68a18d67,jshiah,2024-11-22,15:41:26,-08:00,2024-11-22T15:41:26-08:00,0,20
src/lib/global.css,29,css,68a18d67,jshiah,2024-11-22,15:41:26,-08:00,2024-11-22T15:41:26-08:00,0,10
src/lib/global.css,30,css,68a18d67,jshiah,2024-11-22,15:41:26,-08:00,2024-11-22T15:41:26-08:00,0,0
src/lib/global.css,31,css,68a18d67,jshiah,2024-11-22,15:41:26,-08:00,2024-11-22T15:41:26-08:00,0,0
src/lib/global.css,32,css,68a18d67,jshiah,2024-11-22,15:41:26,-08:00,2024-11-22T15:41:26-08:00,0,7
src/lib/global.css,33,css,68a18d67,jshiah,2024-11-22,15:41:26,-08:00,2024-11-22T15:41:26-08:00,0,13
src/lib/global.css,34,css,68a18d67,jshiah,2024-11-22,15:41:26,-08:00,2024-11-22T15:41:26-08:00,0,8
src/lib/global.css,35,css,68a18d67,jshiah,2024-11-22,15:41:26,-08:00,2024-11-22T15:41:26-08:00,0,21
src/lib/global.css,36,css,68a18d67,jshiah,2024-11-22,15:41:26,-08:00,2024-11-22T15:41:26-08:00,0,0
src/lib/global.css,37,css,68a18d67,jshiah,2024-11-22,15:41:26,-08:00,2024-11-22T15:41:26-08:00,0,0
src/lib/global.css,38,css,68a18d67,jshiah,2024-11-22,15:41:26,-08:00,2024-11-22T15:41:26-08:00,0,6
src/lib/global.css,39,css,68a18d67,jshiah,2024-11-22,15:41:26,-08:00,2024-11-22T15:41:26-08:00,0,17
src/lib/global.css,40,css,68a18d67,jshiah,2024-11-22,15:41:26,-08:00,2024-11-22T15:41:26-08:00,0,13
src/lib/global.css,41,css,68a18d67,jshiah,2024-11-22,15:41:26,-08:00,2024-11-22T15:41:26-08:00,0,22
src/lib/global.css,42,css,68a18d67,jshiah,2024-11-22,15:41:26,-08:00,2024-11-22T15:41:26-08:00,0,21
src/lib/global.css,43,css,68a18d67,jshiah,2024-11-22,15:41:26,-08:00,2024-11-22T15:41:26-08:00,0,0
src/lib/global.css,44,css,68a18d67,jshiah,2024-11-22,15:41:26,-08:00,2024-11-22T15:41:26-08:00,0,0
src/lib/global.css,45,css,68a18d67,jshiah,2024-11-22,15:41:26,-08:00,2024-11-22T15:41:26-08:00,0,9
src/lib/global.css,46,css,68a18d67,jshiah,2024-11-22,15:41:26,-08:00,2024-11-22T15:41:26-08:00,0,62
src/lib/global.css,47,css,68a18d67,jshiah,2024-11-22,15:41:26,-08:00,2024-11-22T15:41:26-08:00,0,0
src/lib/global.css,48,css,68a18d67,jshiah,2024-11-22,15:41:26,-08:00,2024-11-22T15:41:26-08:00,0,0
src/lib/global.css,49,css,68a18d67,jshiah,2024-11-22,15:41:26,-08:00,2024-11-22T15:41:26-08:00,0,3
src/lib/global.css,50,css,68a18d67,jshiah,2024-11-22,15:41:26,-08:00,2024-11-22T15:41:26-08:00,0,11
src/lib/global.css,51,css,68a18d67,jshiah,2024-11-22,15:41:26,-08:00,2024-11-22T15:41:26-08:00,0,18
src/lib/global.css,52,css,68a18d67,jshiah,2024-11-22,15:41:26,-08:00,2024-11-22T15:41:26-08:00,0,0
src/lib/global.css,53,css,6f71ae24,jshiah,2024-11-22,16:31:31,-08:00,2024-11-22T16:31:31-08:00,0,0
src/lib/global.css,54,css,6f71ae24,jshiah,2024-11-22,16:31:31,-08:00,2024-11-22T16:31:31-08:00,0,7
src/lib/global.css,55,css,6f71ae24,jshiah,2024-11-22,16:31:31,-08:00,2024-11-22T16:31:31-08:00,0,29
src/lib/global.css,56,css,6f71ae24,jshiah,2024-11-22,16:31:31,-08:00,2024-11-22T16:31:31-08:00,0,28
src/lib/global.css,57,css,6f71ae24,jshiah,2024-11-22,16:31:31,-08:00,2024-11-22T16:31:31-08:00,0,18
src/lib/global.css,58,css,6f71ae24,jshiah,2024-11-22,16:31:31,-08:00,2024-11-22T16:31:31-08:00,0,8
src/lib/global.css,59,css,6f71ae24,jshiah,2024-11-22,16:31:31,-08:00,2024-11-22T16:31:31-08:00,0,59
src/lib/global.css,60,css,6f71ae24,jshiah,2024-11-22,16:31:31,-08:00,2024-11-22T16:31:31-08:00,0,20
src/lib/global.css,61,css,6f71ae24,jshiah,2024-11-22,16:31:31,-08:00,2024-11-22T16:31:31-08:00,0,1
src/lib/global.css,62,css,6f71ae24,jshiah,2024-11-22,16:31:31,-08:00,2024-11-22T16:31:31-08:00,0,18
src/lib/global.css,63,css,6f71ae24,jshiah,2024-11-22,16:31:31,-08:00,2024-11-22T16:31:31-08:00,0,0
src/lib/global.css,64,css,6f71ae24,jshiah,2024-11-22,16:31:31,-08:00,2024-11-22T16:31:31-08:00,0,0
src/lib/global.css,65,css,6f71ae24,jshiah,2024-11-22,16:31:31,-08:00,2024-11-22T16:31:31-08:00,0,0
src/lib/global.css,66,css,6f71ae24,jshiah,2024-11-22,16:31:31,-08:00,2024-11-22T16:31:31-08:00,0,6
src/lib/global.css,67,css,6f71ae24,jshiah,2024-11-22,16:31:31,-08:00,2024-11-22T16:31:31-08:00,0,29
src/lib/global.css,68,css,6f71ae24,jshiah,2024-11-22,16:31:31,-08:00,2024-11-22T16:31:31-08:00,0,28
src/lib/global.css,69,css,6f71ae24,jshiah,2024-11-22,16:31:31,-08:00,2024-11-22T16:31:31-08:00,0,0
src/lib/global.css,70,css,6f71ae24,jshiah,2024-11-22,16:31:31,-08:00,2024-11-22T16:31:31-08:00,0,0
src/lib/global.css,71,css,6f71ae24,jshiah,2024-11-22,16:31:31,-08:00,2024-11-22T16:31:31-08:00,0,11
src/lib/global.css,72,css,6f71ae24,jshiah,2024-11-22,16:31:31,-08:00,2024-11-22T16:31:31-08:00,0,14
src/lib/global.css,73,css,6f71ae24,jshiah,2024-11-22,16:31:31,-08:00,2024-11-22T16:31:31-08:00,0,18
src/lib/global.css,74,css,6f71ae24,jshiah,2024-11-22,16:31:31,-08:00,2024-11-22T16:31:31-08:00,0,8
src/lib/global.css,75,css,6f71ae24,jshiah,2024-11-22,16:31:31,-08:00,2024-11-22T16:31:31-08:00,0,59
src/lib/global.css,76,css,6f71ae24,jshiah,2024-11-22,16:31:31,-08:00,2024-11-22T16:31:31-08:00,0,20
src/lib/global.css,77,css,6f71ae24,jshiah,2024-11-22,16:31:31,-08:00,2024-11-22T16:31:31-08:00,0,1
src/lib/global.css,78,css,6f71ae24,jshiah,2024-11-22,16:31:31,-08:00,2024-11-22T16:31:31-08:00,0,18
src/lib/global.css,79,css,6f71ae24,jshiah,2024-11-22,16:31:31,-08:00,2024-11-22T16:31:31-08:00,0,0
src/lib/global.css,80,css,6f71ae24,jshiah,2024-11-22,16:31:31,-08:00,2024-11-22T16:31:31-08:00,0,0
src/lib/global.css,81,css,6f71ae24,jshiah,2024-11-22,16:31:31,-08:00,2024-11-22T16:31:31-08:00,0,8
src/lib/global.css,82,css,6f71ae24,jshiah,2024-11-22,16:31:31,-08:00,2024-11-22T16:31:31-08:00,0,13
src/lib/global.css,83,css,6f71ae24,jshiah,2024-11-22,16:31:31,-08:00,2024-11-22T16:31:31-08:00,0,30
src/lib/global.css,84,css,6f71ae24,jshiah,2024-11-22,16:31:31,-08:00,2024-11-22T16:31:31-08:00,0,18
src/lib/global.css,85,css,6f71ae24,jshiah,2024-11-22,16:31:31,-08:00,2024-11-22T16:31:31-08:00,0,15
src/lib/global.css,86,css,6f71ae24,jshiah,2024-11-22,16:31:31,-08:00,2024-11-22T16:31:31-08:00,0,8
src/lib/global.css,87,css,6f71ae24,jshiah,2024-11-22,16:31:31,-08:00,2024-11-22T16:31:31-08:00,0,61
src/lib/global.css,88,css,6f71ae24,jshiah,2024-11-22,16:31:31,-08:00,2024-11-22T16:31:31-08:00,0,57
src/lib/global.css,89,css,6f71ae24,jshiah,2024-11-22,16:31:31,-08:00,2024-11-22T16:31:31-08:00,0,18
src/lib/global.css,90,css,6f71ae24,jshiah,2024-11-22,16:31:31,-08:00,2024-11-22T16:31:31-08:00,0,0
src/lib/global.css,91,css,6f71ae24,jshiah,2024-11-22,16:31:31,-08:00,2024-11-22T16:31:31-08:00,0,0
src/lib/global.css,92,css,6f71ae24,jshiah,2024-11-22,16:31:31,-08:00,2024-11-22T16:31:31-08:00,0,14
src/lib/global.css,93,css,6f71ae24,jshiah,2024-11-22,16:31:31,-08:00,2024-11-22T16:31:31-08:00,0,54
src/lib/global.css,94,css,6f71ae24,jshiah,2024-11-22,16:31:31,-08:00,2024-11-22T16:31:31-08:00,0,68
src/lib/global.css,95,css,6f71ae24,jshiah,2024-11-22,16:31:31,-08:00,2024-11-22T16:31:31-08:00,0,51
src/lib/global.css,96,css,6f71ae24,jshiah,2024-11-22,16:31:31,-08:00,2024-11-22T16:31:31-08:00,0,17
src/lib/global.css,97,css,6f71ae24,jshiah,2024-11-22,16:31:31,-08:00,2024-11-22T16:31:31-08:00,0,47
src/lib/global.css,98,css,6f71ae24,jshiah,2024-11-22,16:31:31,-08:00,2024-11-22T16:31:31-08:00,0,72
src/lib/global.css,99,css,6f71ae24,jshiah,2024-11-22,16:31:31,-08:00,2024-11-22T16:31:31-08:00,0,18
src/lib/global.css,100,css,6f71ae24,jshiah,2024-11-22,16:31:31,-08:00,2024-11-22T16:31:31-08:00,0,74
src/lib/global.css,101,css,6f71ae24,jshiah,2024-11-22,16:31:31,-08:00,2024-11-22T16:31:31-08:00,0,0
src/lib/global.css,102,css,6f71ae24,jshiah,2024-11-22,16:31:31,-08:00,2024-11-22T16:31:31-08:00,0,0
src/lib/global.css,103,css,68a18d67,jshiah,2024-11-22,15:41:26,-08:00,2024-11-22T15:41:26-08:00,0,0
